{
   "description": "This file is generated by qmake to be read by androiddeployqt and should not be modified by hand.",
   "qt": "C:/Qt/Qt5.12.6/5.12.6/android_arm64_v8a",
   "sdk": "C:/Qt/QtForAndroid/android-sdk-windows",
   "sdkBuildToolsRevision": "29.0.3",
   "ndk": "C:\\Qt\\QtForAndroid\\android-ndk-r20b",
   "toolchain-prefix": "llvm",
   "tool-prefix": "llvm",
   "toolchain-version": "4.9",
   "ndk-host": "windows-x86_64",
   "target-architecture": "arm64-v8a",
   "android-package-source-directory": "E:/32_Qt/1_MyProject/QmlLearningPro/QmlLearningPro/CrazyMath/android",
   "qml-import-paths": "E:/32_Qt/1_MyProject/QmlLearningPro/QmlLearningPro/CrazyMath",
   "qml-root-path": "E:/32_Qt/1_MyProject/QmlLearningPro/QmlLearningPro/CrazyMath",
   "stdcpp-path": "C:\\Qt\\QtForAndroid\\android-ndk-r20b/sources/cxx-stl/llvm-libc++/libs/arm64-v8a/libc++_shared.so",
   "useLLVM": true,
   "application-binary": "E:/32_Qt/1_MyProject/QmlLearningPro/QmlLearningPro/CrazyMath/libCrazyMath.so"
}
